1,Carmen Sanchez,carmen, carmen@gmail.com,7607030246,11
2,potato,potato,potato@potato.com,9111111111,10
3,Katie,katie,klkj@lls.eys,5105084345,10
4,cats,cats,cats@cats.com,5555555555,10
5,Cecilia Sanchez,ceci,ceci@gmail.com,7607030246,10
6,jajaja,jaja,jaja@gmail.com,9168017057,10
9,mouse,mouse,mouse@gmail.com,9168017057,10
11,tomato,tomato,tomato@gmail.com,9111111111,10
13,salsa,salsa,salsa@gmail.com,5555555555,10
14,corn,corn,corn@gmail.com,5105084345,11
15,Joel Burton,test,test@gmail.com,7607030246,10
17,Rosy Sanchez,test2,test2@gmail.com,7607030246,10
18,Rachel Thomas,test1,test1@gmail.com,7607030246,10
19,cristi,cristi,cristi@gmail.com,7607039315,10
20,Meggie M,meggie,meggie@gmail.com,7607030246,9
21,Elaine Huang,elaine,elaine@gmail.com,7607030246,10
22,Erica Cei,erica,erica@gmail.com,7607030246,10
